China_tmax,China_cum_prec,Brazil_cum_prec,Argentina_tmax,Argentina_cum_prec,India_tmax,USA_t29,Europe_tmean,Europe_cum_prec
25.31498781,363.9103688,815.1894684,30.20707218,278.5589136,33.4965602,54.12938381,18.05670901,382.42305
24.20105738,238.4308446,608.0215229,28.80196473,182.6512873,32.57316317,32.42472808,16.46247911,279.3134899
26.42891823,489.389893,1022.357414,31.61217963,374.46654,34.41995723,75.83403953,19.65093891,485.5326101
