China_dswr,India_tmax,India_cum_prec,India_dswr,Indonesia_dswr
168.1444801,33.05238864,919.0211219,200.8672761,197.6400052
