China_t30,India_cum_prec,India_t30,USA_t30,Brazil_cum_prec,Argentina_cum_prec,Argentina_tmax
32.49665778,913.1822193,130.3884066,45.43298022,860.7418878,537.4494681,30.86543274
