year,Uttar_Pradesh,Madhya_Pradesh, Rajasthan,Maharashtra,Gujarat, Bihar,Haryana,Punjab,Shandong,Hebei,Henan,Jiangsu,Anhui,Kansas,North.Dakota,Idaho,Washington,Montana,Oklahoma,South.Dakota,Minnesota,Nebraska,Texas,Buenos_Aires_t_per_ha,Cordoba_t_per_ha,Entre_Rios_t_per_ha,Santa_Fe_t_per_ha,New.South.Wales,South.Australia,France,Germany,Poland,United.Kingdom,Central.Federal.Distroct,Southern.Federal.District,Volga,Ukraine
average_area_weight,0.366535109,0.169040272,0.088925543,0.043843053,0.029677062,0.085213038,0.079987156,0.136778766,0.256256243,0.171042578,0.307906551,0.127261004,0.137533625,0.203359521,0.182916675,0.025654504,0.050822182,0.098160111,0.098381299,0.182916675,0.042582687,0.044527538,0.070678807,0.667029025,0.135870028,0.040956845,0.156144101,0.664998689,0.335001311,0.429323662,0.231983105,0.190854619,0.147838614,0.162895698,0.322083473,0.129640151,0.385380678
