Argentina_tmin,India_spi,China_cum_prec,USA_cum_prec,USA_t34,Australia_cum_prec,Australia_tmax,EU_cum_prec,EU_t34,RussUkraine_cum_prec,RussUkraine_tmean
8.135901815,-0.102309192,487.2377767,328.2043439,0.624193614,224.3489472,21.41520425,153.4894837,0.382083551,183.7301456,19.50788276
