Argentina_tmin,India_spi,China_cum_prec,USA_cum_prec,USA_t34,Australia_cum_prec,Australia_tmax,EU_cum_prec,EU_t34,RussUkraine_cum_prec,RussUkraine_tmean
8.100952396,-0.102309192,487.2377772,328.2043439,0.624193612,224.3489472,21.41520425,153.4894838,0.382083551,183.7301456,19.50788276
7.122194806,-1.034992621,308.6335325,209.0772592,-0.379649888,147.9736906,20.34864208,94.78081755,-0.526849272,126.2102952,17.91158009
9.079709986,0.830374236,665.8420219,447.3314285,1.628037112,300.7242038,22.48176641,212.19815,1.291016374,241.249996,21.10418544
